ID,Work Item Type,Title,State,Story Points,Value Area,Iteration Path,Created Date,Area Path,Resolved Date,Priority
10990,User Story,Rpissue 2,Resolved,10,Business,newproduct\Sprint -27,3/31/23 15:49,newproduct,4/18/23 7:53,2
11325,User Story,Rpissue 3,Resolved,10,Business,newproduct\Sprint - 28,4/17/23 8:23,newproduct,5/1/23 11:20,2
10734,User Story,Rpissue 4,New,,Business,newproduct,3/22/23 13:57,newproduct,,2
10971,User Story,Rpissue 5,New,,Business,newproduct,3/31/23 9:11,newproduct,,2
10652,User Story,Rpissue 6,New,,Business,newproduct,3/17/23 16:30,newproduct,,2
10857,User Story,Rpissue 7,Resolved,1,Business,newproduct\Sprint - 26,3/28/23 11:22,newproduct,3/29/23 14:18,2
10651,User Story,Rpissue 8,Resolved,1,Business,newproduct\Sprint - 26,3/17/23 16:04,newproduct,3/27/23 10:37,2
10844,User Story,Rpissue 9,Resolved,1,Business,newproduct\Sprint - 26,3/28/23 9:31,newproduct,3/28/23 9:31,2
10650,User Story,Rpissue 10,New,,Business,newproduct,3/17/23 15:54,newproduct,,2
9523,User Story,Rpissue 11,New,,Business,newproduct,1/17/23 9:44,newproduct,,2
9313,User Story,Rpissue 12,New,,Business,newproduct,1/4/23 12:00,newproduct,,2
9114,User Story,Rpissue 13,New,,Business,newproduct,12/16/22 10:19,newproduct,,2
9113,User Story,Rpissue 14,New,,Business,newproduct,12/16/22 10:14,newproduct,,2
9095,User Story,Rpissue 15,New,,Business,newproduct,12/15/22 10:28,newproduct,,2
9058,User Story,Rpissue 16,New,,Business,newproduct,12/12/22 15:28,newproduct,,2
9117,User Story,Rpissue 17,Resolved,6,Business,newproduct\Sprint - 21,12/16/22 11:47,newproduct,1/23/23 16:51,2
9424,User Story,Rpissue 18,New,,Business,newproduct,1/10/23 7:51,newproduct,,2
9054,User Story,Rpissue 19,Resolved,3,Business,newproduct\Sprint - 20,12/9/22 14:06,newproduct,1/3/23 10:03,2
9050,User Story,Rpissue 20,New,,Business,newproduct,12/9/22 12:47,newproduct,,2
9049,User Story,Rpissue 21,New,,Business,newproduct,12/9/22 12:45,newproduct,,2
9042,User Story,Rpissue 22,Resolved,8,Business,newproduct\Sprint - 19,12/9/22 10:33,newproduct,12/20/22 15:33,2
8901,User Story,Rpissue 23,New,,Business,newproduct,11/30/22 8:51,newproduct,,2
8899,User Story,Rpissue 24,New,,Business,newproduct,11/30/22 8:38,newproduct,,2
8955,User Story,Rpissue 25,Resolved,2,Business,newproduct\Sprint - 21,12/5/22 8:56,newproduct,1/19/23 14:02,2
8963,User Story,Rpissue 26,Resolved,1,Business,newproduct\Sprint - 18,12/5/22 10:33,newproduct,12/9/22 10:33,2
8928,User Story,Rpissue 27,Resolved,2,Business,newproduct\Sprint - 18,12/1/22 11:52,newproduct,12/1/22 16:02,2
8755,User Story,Rpissue 28,New,,Business,newproduct,11/17/22 13:31,newproduct,,2
8847,User Story,Rpissue 29,Resolved,4,Business,newproduct\Sprint - 18,11/22/22 15:09,newproduct,12/6/22 15:44,2
8915,User Story,Rpissue 30,Resolved,5,Business,newproduct\Sprint - 19,11/30/22 11:33,newproduct,1/6/23 18:01,2
8651,User Story,Rpissue 31,Resolved,8,Business,newproduct\Sprint - 19,11/15/22 8:47,newproduct,12/21/22 9:06,2
8346,User Story,Rpissue 32,New,,Business,newproduct,10/31/22 14:28,newproduct,,2
8345,User Story,Rpissue 33,New,,Business,newproduct,10/31/22 14:26,newproduct,,2
8344,User Story,Rpissue 34,New,,Business,newproduct,10/31/22 14:24,newproduct,,2
8343,User Story,Rpissue 35,New,,Business,newproduct,10/31/22 14:23,newproduct,,2
8329,User Story,Rpissue 36,New,,Business,newproduct,10/31/22 10:09,newproduct,,2
8328,User Story,Rpissue 37,New,,Business,newproduct,10/31/22 10:07,newproduct,,2
8788,User Story,Rpissue 38,Resolved,6,Business,newproduct\Sprint - 18,11/18/22 15:21,newproduct,12/6/22 13:31,2
8327,User Story,Rpissue 39,New,,Business,newproduct,10/31/22 10:07,newproduct,,2
8752,User Story,Rpissue 40,Resolved,1,Business,newproduct\Sprint - 17 (Version 5.28),11/17/22 12:39,newproduct,11/21/22 9:58,2
8324,User Story,Rpissue 41,New,,Business,newproduct,10/31/22 10:04,newproduct,,2
8498,User Story,Rpissue 42,New,,Business,newproduct,11/7/22 12:14,newproduct,,2
8695,User Story,Rpissue 43,Resolved,2,Business,newproduct\Sprint - 17 (Version 5.28),11/16/22 17:02,newproduct,11/21/22 16:07,2
8321,User Story,Rpissue 44,Resolved,2,Business,newproduct\Sprint - 18,10/31/22 10:03,newproduct,12/13/22 10:31,2
8411,User Story,Rpissue 45,Resolved,3,Business,newproduct\Sprint - 16 (Version 5.27),11/3/22 12:25,newproduct,11/14/22 12:26,2
8319,User Story,Rpissue 46,New,6,Business,newproduct,10/31/22 9:59,newproduct,,2
8366,User Story,Rpissue 47,New,,Business,newproduct,11/1/22 13:19,newproduct,,2
8367,User Story,Rpissue 48,Resolved,5,Business,newproduct\Sprint - 19,11/1/22 13:21,newproduct,12/21/22 13:58,2
8368,User Story,Rpissue 49,New,,Business,newproduct,11/1/22 13:27,newproduct,,2
8369,User Story,Rpissue 50,New,,Business,newproduct,11/1/22 13:48,newproduct,,2
8392,User Story,Rpissue 51,Pending,3,Business,newproduct\Sprint - 16 (Version 5.27),11/2/22 15:03,newproduct,,2
8318,User Story,Rpissue 52,New,,Business,newproduct,10/31/22 9:10,newproduct,,2
11119,User Story,Rpissue 53,Resolved,6,Business,newproduct\Sprint - 28,4/6/23 15:11,newproduct,5/4/23 15:47,2
8277,User Story,Rpissue 54,Pending,1,Business,newproduct\Sprint - 16 (Version 5.27),10/26/22 14:48,newproduct,,2
8585,User Story,Rpissue 55,Resolved,2,Business,newproduct\Sprint - 17 (Version 5.28),11/10/22 10:59,newproduct,11/21/22 12:31,2
11118,User Story,Rpissue 56,Resolved,2,Business,newproduct\Sprint - 28,4/6/23 15:10,newproduct,5/4/23 15:47,2
8266,User Story,Rpissue 57,Resolved,5,Business,newproduct\Sprint - 16 (Version 5.27),10/26/22 14:31,newproduct,11/8/22 9:06,2
11117,User Story,Rpissue 58,Resolved,0,Business,newproduct\Sprint - 28,4/6/23 15:10,newproduct,5/4/23 15:48,2
8264,User Story,Rpissue 59,Resolved,2,Business,newproduct\Sprint - 16 (Version 5.27),10/26/22 14:18,newproduct,11/7/22 9:42,2
8268,User Story,Rpissue 60,Pending,2,Business,newproduct\Sprint - 16 (Version 5.27),10/26/22 14:35,newproduct,,2
11116,User Story,Rpissue 61,Resolved,3,Business,newproduct\Sprint - 28,4/6/23 15:10,newproduct,5/9/23 10:33,2
8260,User Story,Rpissue 62,Resolved,5,Business,newproduct\Sprint - 16 (Version 5.27),10/26/22 13:21,newproduct,11/2/22 7:08,2
8269,User Story,Rpissue 63,Pending,2,Business,newproduct\Sprint - 16 (Version 5.27),10/26/22 14:37,newproduct,,2
9376,User Story,Rpissue 64,Resolved,6,Business,newproduct\Sprint - 21,1/6/23 14:20,newproduct,1/23/23 13:33,2
10362,User Story,Rpissue 65,Resolved,6,Business,newproduct\Sprint - 25,3/3/23 12:14,newproduct,3/20/23 10:46,2
11962,User Story,Rpissue 66,New,,Business,newproduct\Sprint - 30,5/15/23 9:59,newproduct,,2
8259,User Story,Rpissue 67,Pending,5,Business,newproduct\Sprint - 16 (Version 5.27),10/26/22 12:46,newproduct,,2
8595,User Story,Rpissue 68,Pending,4,Business,newproduct\Sprint - 17 (Version 5.28),11/10/22 11:15,newproduct,,2
8875,User Story,Rpissue 69,Resolved,2,Business,newproduct\Sprint - 18,11/28/22 12:04,newproduct,12/9/22 10:31,2
9375,User Story,Rpissue 70,Resolved,5,Business,newproduct\Sprint - 21,1/6/23 14:16,newproduct,1/23/23 16:51,2
10361,User Story,Rpissue 71,Resolved,6,Business,newproduct\Sprint - 25,3/3/23 12:14,newproduct,3/30/23 10:20,2
11961,User Story,Rpissue 72,Active,5,Business,newproduct\Sprint - 30,5/15/23 9:59,newproduct,,2
8171,User Story,Rpissue 73,New,,Business,newproduct,10/20/22 14:56,newproduct,,2
7550,Bug,Rpissue 74,Active,,Business,newproduct\Sprint - 21,9/19/22 14:03,newproduct,,2
8054,User Story,Rpissue 75,Resolved,2,Business,newproduct\Sprint - 14 (Version 5.21),10/14/22 9:50,newproduct,10/17/22 11:11,2
8205,User Story,Rpissue 76,Resolved,2,Business,newproduct\Sprint - 16 (Version 5.27),10/24/22 13:08,newproduct,11/8/22 6:21,2
8265,User Story,Rpissue 77,Resolved,2,Business,newproduct\Sprint - 16 (Version 5.27),10/26/22 14:25,newproduct,11/7/22 9:07,2
8270,User Story,Rpissue 78,Pending,1,Business,newproduct\Sprint - 16 (Version 5.27),10/26/22 14:38,newproduct,,2
8272,User Story,Rpissue 79,Pending,10,Business,newproduct\Sprint - 16 (Version 5.27),10/26/22 14:43,newproduct,,2
8632,User Story,Rpissue 80,Resolved,10,Business,newproduct\Sprint - 17 (Version 5.28),11/14/22 10:41,newproduct,11/23/22 0:55,2
8814,Bug,Rpissue 81,Resolved,0.5,Business,newproduct\Sprint - 17 (Version 5.28),11/21/22 15:53,newproduct,11/28/22 11:58,2
4777,User Story,Rpissue 82,Resolved,,Business,newproduct,4/13/22 11:30,newproduct\ATP Request,4/19/22 11:57,2
4860,User Story,Rpissue 83,Resolved,,Business,newproduct,4/15/22 11:00,newproduct\ATP Request,4/19/22 12:28,2
7138,User Story,Rpissue 84,Resolved,1,Business,newproduct\Sprint - 11(Version 5.18),8/25/22 10:19,newproduct,8/25/22 10:19,2
10654,User Story,Rpissue 85,Resolved,9,Business,newproduct\Sprint - 26,3/20/23 9:06,newproduct,4/3/23 9:56,2
4586,User Story,Rpissue 86,Active,,Business,newproduct\Sprint - 1 (Version 5.5),4/6/22 12:38,newproduct\ATP Request,,4
7137,Bug,Rpissue 87,Resolved,1,Business,newproduct\Sprint - 11(Version 5.18),8/25/22 10:17,newproduct,8/25/22 10:20,2
9594,User Story,Rpissue 88,Resolved,4,Business,newproduct\Sprint - 22,1/19/23 15:43,newproduct,2/6/23 9:52,2
4402,User Story,Rpissue 89,Resolved,,Business,newproduct\Sprint - 1 (Version 5.5),3/21/22 14:13,newproduct,4/15/22 16:03,2
7509,User Story,Rpissue 90,Resolved,2,Business,newproduct\Sprint - 13 (Version 5.20),9/15/22 11:33,newproduct,9/22/22 10:26,2
10653,User Story,Rpissue 91,Resolved,6,Business,newproduct\Sprint - 26,3/20/23 9:05,newproduct,4/3/23 13:26,2
8023,User Story,Rpissue 92,Pending,2,Business,newproduct\Sprint - 16 (Version 5.27),10/13/22 11:29,newproduct,,2
7136,Bug,Rpissue 93,Resolved,1,Business,newproduct\Sprint - 11(Version 5.18),8/25/22 10:16,newproduct,8/25/22 10:17,2
9593,User Story,Rpissue 94,Active,5,Business,newproduct\Sprint - 22,1/19/23 15:42,newproduct,,1
7508,User Story,Rpissue 95,Resolved,3,Business,newproduct\Sprint - 13 (Version 5.20),9/15/22 11:25,newproduct,9/26/22 10:21,2
7819,User Story,Rpissue 96,Resolved,10,Business,newproduct\Sprint - 14 (Version 5.21),9/30/22 11:35,newproduct,10/17/22 11:14,2
5958,Bug,Rpissue 97,Resolved,2,Business,newproduct\Sprint -5 (Version 5.10),6/7/22 12:18,newproduct,6/7/22 16:12,2
6838,User Story,Rpissue 98,Resolved,2,Business,newproduct\Sprint - 9 (Version 5.14),8/2/22 10:51,newproduct,8/2/22 11:08,2
6984,User Story,Rpissue 99,Resolved,,Business,newproduct\Sprint - 10 (Version 5.15),8/15/22 11:31,newproduct,8/15/22 11:56,2
7135,User Story,Rpissue 100,Resolved,1,Business,newproduct\Sprint - 11(Version 5.18),8/25/22 10:15,newproduct,8/25/22 10:16,2
9592,User Story,Rpissue 101,Resolved,7,Business,newproduct\Sprint - 22,1/19/23 15:42,newproduct,2/6/23 10:42,1
10045,User Story,Rpissue 102,Resolved,6,Business,newproduct\Sprint - 24,2/14/23 13:49,newproduct,3/6/23 9:05,1
4244,User Story,Rpissue 103,Resolved,10,Business,newproduct\Sprint -4 (Version 5.9),3/11/22 13:44,newproduct,7/11/22 12:53,2
7416,User Story,Rpissue 104,Resolved,5,Business,newproduct\Sprint - 12 (Version 5.19),9/12/22 13:45,newproduct,,2
7217,User Story,Rpissue 105,New,,Business,newproduct,8/29/22 21:49,newproduct,,2
4257,User Story,Rpissue 106,Resolved,12,Business,newproduct\Sprint - 26,3/11/22 15:58,newproduct\ATP Request,4/3/23 10:21,2
4551,User Story,Rpissue 107,Resolved,6,Business,newproduct\Sprint - 25,4/1/22 18:51,newproduct\ATP Request,3/21/23 19:05,2
4368,Bug,Rpissue 108,Resolved,1,Business,newproduct\Version 5.4,3/18/22 12:25,newproduct,3/30/22 11:00,2
4549,User Story,Rpissue 109,New,,Business,newproduct,4/1/22 18:08,newproduct\ATP Request,,2
4550,User Story,Rpissue 110,Resolved,3,Business,newproduct\Sprint - 25,4/1/22 18:45,newproduct\ATP Request,3/21/23 10:36,2
4552,User Story,Rpissue 111,New,2,Business,newproduct\Sprint - 30,4/1/22 18:54,newproduct\ATP Request,,2
4553,User Story,Rpissue 112,New,,Business,newproduct,4/1/22 18:55,newproduct\ATP Request,,2
4554,User Story,Rpissue 113,New,,Business,newproduct,4/1/22 18:57,newproduct\ATP Request,,2
4555,User Story,Rpissue 114,New,,Business,newproduct,4/1/22 18:57,newproduct\ATP Request,,2
4556,User Story,Rpissue 115,New,,Business,newproduct,4/1/22 18:57,newproduct\ATP Request,,2
4557,User Story,Rpissue 116,New,,Business,newproduct,4/1/22 18:58,newproduct\ATP Request,,2
4583,User Story,Rpissue 117,Resolved,,Business,newproduct\Sprint - 1 (Version 5.5),4/6/22 12:24,newproduct,4/18/22 10:04,2
4590,User Story,Rpissue 118,Resolved,,Business,newproduct,4/6/22 12:57,newproduct,4/19/22 11:57,2
4610,User Story,Rpissue 119,New,,Business,newproduct,4/7/22 15:12,newproduct\ATP Request,,2
4611,User Story,Rpissue 120,New,,Business,newproduct,4/7/22 15:17,newproduct\ATP Request,,2
4612,User Story,Rpissue 121,New,,Business,newproduct,4/7/22 15:18,newproduct\ATP Request,,2
4613,User Story,Rpissue 122,New,,Business,newproduct,4/7/22 15:19,newproduct\ATP Request,,2
4614,User Story,Rpissue 123,New,,Business,newproduct,4/7/22 15:20,newproduct\ATP Request,,2
4616,User Story,Rpissue 124,New,,Business,newproduct,4/7/22 15:22,newproduct\ATP Request,,2
4617,User Story,Rpissue 125,New,,Business,newproduct,4/7/22 15:23,newproduct\ATP Request,,2
4618,User Story,Rpissue 126,New,,Business,newproduct,4/7/22 15:24,newproduct\ATP Request,,2
4619,User Story,Rpissue 127,New,,Business,newproduct,4/7/22 15:24,newproduct\ATP Request,,2
4620,User Story,Rpissue 128,New,,Business,newproduct,4/7/22 15:25,newproduct\ATP Request,,2
4621,User Story,Rpissue 129,New,,Business,newproduct,4/7/22 15:25,newproduct\ATP Request,,2
4624,User Story,Rpissue 130,New,,Business,newproduct,4/7/22 15:56,newproduct\ATP Request,,2
4625,User Story,Rpissue 131,New,,Business,newproduct,4/7/22 16:00,newproduct\ATP Request,,2
4626,User Story,Rpissue 132,New,,Business,newproduct,4/7/22 16:54,newproduct\ATP Request,,2
4734,User Story,Rpissue 133,Resolved,8,Business,newproduct\Sprint - 3(Version 5.8),4/13/22 6:50,newproduct,5/16/22 10:49,2
4736,User Story,Rpissue 134,Resolved,10,Business,newproduct\Sprint -4 (Version 5.9),4/13/22 7:01,newproduct,5/27/22 11:20,2
5374,User Story,Rpissue 135,Resolved,1,Business,newproduct\Sprint -5 (Version 5.10),5/11/22 11:13,newproduct,6/14/22 11:06,2
6038,User Story,Rpissue 136,Resolved,8,Business,newproduct\Sprint -6 (Version 5.11),6/10/22 12:01,newproduct,6/22/22 13:55,2
4744,User Story,Rpissue 137,Resolved,5,Business,newproduct\Sprint -4 (Version 5.9),4/13/22 8:05,newproduct,5/27/22 10:41,2
4747,User Story,Rpissue 138,Resolved,6,Business,newproduct\Sprint -6 (Version 5.11),4/13/22 9:05,newproduct,6/24/22 11:04,2
4750,User Story,Rpissue 139,Resolved,4,Business,newproduct\Sprint -5 (Version 5.10),4/13/22 9:15,newproduct,6/16/22 16:15,2
4752,User Story,Rpissue 140,Resolved,4,Business,newproduct\Sprint -6 (Version 5.11),4/13/22 9:34,newproduct,6/27/22 15:06,2
4754,User Story,Rpissue 141,Resolved,2,Business,newproduct\Sprint -6 (Version 5.11),4/13/22 9:41,newproduct,6/30/22 12:39,2
4802,User Story,Rpissue 142,New,,Business,newproduct,4/13/22 16:53,newproduct\ATP Request,,2
4803,User Story,Rpissue 143,New,,Business,newproduct,4/13/22 16:55,newproduct\ATP Request,,2
4804,User Story,Rpissue 144,New,,Business,newproduct,4/13/22 16:57,newproduct\ATP Request,,2
4805,User Story,Rpissue 145,New,,Business,newproduct,4/13/22 16:57,newproduct\ATP Request,,2
4806,User Story,Rpissue 146,New,,Business,newproduct,4/13/22 17:06,newproduct\ATP Request,,2
4807,User Story,Rpissue 147,New,,Business,newproduct,4/13/22 17:18,newproduct\ATP Request,,2
4808,User Story,Rpissue 148,New,,Business,newproduct,4/13/22 17:19,newproduct\ATP Request,,2
4809,User Story,Rpissue 149,New,,Business,newproduct,4/13/22 17:21,newproduct\ATP Request,,2
4810,User Story,Rpissue 150,New,,Business,newproduct,4/13/22 17:27,newproduct\ATP Request,,2
4812,User Story,Rpissue 151,New,,Business,newproduct,4/13/22 17:32,newproduct\ATP Request,,2
4813,User Story,Rpissue 152,New,,Business,newproduct,4/13/22 17:39,newproduct\ATP Request,,2
4814,User Story,Rpissue 153,New,,Business,newproduct,4/13/22 17:41,newproduct\ATP Request,,2
4817,User Story,Rpissue 154,New,,Business,newproduct,4/13/22 17:43,newproduct\ATP Request,,2
4818,User Story,Rpissue 155,New,,Business,newproduct,4/13/22 17:44,newproduct\ATP Request,,2
4819,User Story,Rpissue 156,New,,Business,newproduct,4/13/22 17:45,newproduct\ATP Request,,2
4864,User Story,Rpissue 157,Resolved,2,Business,newproduct\Sprint - 7 (Version 5.12),4/15/22 14:22,newproduct,7/8/22 8:27,1
4865,User Story,Rpissue 158,New,,Business,newproduct,4/15/22 14:29,newproduct,,2
4866,User Story,Rpissue 159,New,,Business,newproduct,4/15/22 14:30,newproduct,,2
4867,User Story,Rpissue 160,New,,Business,newproduct,4/15/22 14:32,newproduct,,2
4868,User Story,Rpissue 161,New,,Business,newproduct,4/15/22 14:33,newproduct,,2
4900,User Story,Rpissue 162,Resolved,8,Business,newproduct\Sprint - 2 (Version 5.7),4/19/22 13:22,newproduct,5/3/22 15:30,2
4904,User Story,Rpissue 163,Resolved,2,Business,newproduct\Sprint - 2 (Version 5.7),4/20/22 9:56,newproduct,5/3/22 15:30,2
4921,User Story,Rpissue 164,Resolved,7,Business,newproduct\Sprint -4 (Version 5.9),4/20/22 12:08,newproduct,5/27/22 10:40,1
5004,User Story,Rpissue 165,Resolved,4,Business,newproduct\Sprint - 24,4/25/22 15:13,newproduct\ATP Request,3/3/23 12:03,2
5005,User Story,Rpissue 166,Active,7,Business,newproduct\Sprint - 24,4/25/22 15:50,newproduct\ATP Request,,2
5105,User Story,Rpissue 167,Resolved,2,Business,newproduct\Sprint - 8 (Version 5.13),4/28/22 10:57,newproduct,7/25/22 11:35,2
6842,User Story,Rpissue 168,Resolved,7,Business,newproduct\Sprint - 10 (Version 5.15),8/2/22 11:11,newproduct,8/23/22 11:16,2
6885,User Story,Rpissue 169,Resolved,2,Business,newproduct\Sprint - 9 (Version 5.14),8/4/22 14:14,newproduct,8/4/22 14:14,2
5135,User Story,Rpissue 170,New,,Business,newproduct,4/29/22 10:26,newproduct,,2
5168,User Story,Rpissue 171,Active,1,Business,newproduct\Sprint - 3(Version 5.8),5/3/22 13:42,newproduct,,1
5169,User Story,Rpissue 172,Resolved,2,Business,newproduct\Sprint -4 (Version 5.9),5/3/22 13:57,newproduct,6/10/22 11:42,1
5837,User Story,Rpissue 173,Resolved,2,Business,newproduct\Sprint -5 (Version 5.10),5/31/22 11:10,newproduct,6/16/22 16:14,1
5291,User Story,Rpissue 174,New,,Business,newproduct,5/9/22 19:28,newproduct\ATP Request,,2
5292,User Story,Rpissue 175,New,,Business,newproduct\Sprint - 1 (Version 5.5),5/9/22 19:30,newproduct\ATP Request,,2
5293,User Story,Rpissue 176,New,,Business,newproduct,5/9/22 19:31,newproduct\ATP Request,,2
5449,User Story,Rpissue 177,Resolved,2,Business,newproduct\Sprint -5 (Version 5.10),5/13/22 13:35,newproduct,6/7/22 16:51,2
5589,User Story,Rpissue 178,New,,Business,newproduct,5/18/22 14:50,newproduct,,2
5595,User Story,Rpissue 179,Resolved,1.5,Business,newproduct\Sprint -4 (Version 5.9),5/18/22 16:07,newproduct,5/18/22 16:29,2
5604,Bug,Rpissue 180,Resolved,1,Business,newproduct\Sprint -4 (Version 5.9),5/19/22 10:37,newproduct,5/24/22 11:04,2
5625,User Story,Rpissue 181,Resolved,2,Business,newproduct\Sprint - 8 (Version 5.13),5/19/22 13:16,newproduct,7/15/22 17:14,2
5629,User Story,Rpissue 182,Resolved,1.5,Business,newproduct\Sprint -4 (Version 5.9),5/19/22 14:44,newproduct,5/19/22 16:09,2
5697,Bug,Rpissue 183,Resolved,1.5,Business,newproduct\Sprint -4 (Version 5.9),5/23/22 12:49,newproduct,5/23/22 12:56,2
5702,User Story,Rpissue 184,New,,Business,newproduct,5/23/22 14:04,newproduct,,2
5703,User Story,Rpissue 185,Resolved,10,Business,newproduct\Sprint - 7 (Version 5.12),5/23/22 14:08,newproduct,7/7/22 10:23,1
5757,User Story,Rpissue 186,New,,Business,newproduct,5/25/22 10:19,newproduct,,2
5774,Bug,Rpissue 187,Resolved,1,Business,newproduct\Sprint -4 (Version 5.9),5/25/22 15:23,newproduct,5/25/22 15:34,2
5817,Bug,Rpissue 188,Active,2,Business,newproduct\Version 5.0,5/27/22 10:06,newproduct,,2
5920,User Story,Rpissue 189,New,,Business,newproduct,6/6/22 15:26,newproduct,,2
5951,User Story,Rpissue 190,Resolved,3,Business,newproduct\Sprint -5 (Version 5.10),6/7/22 11:59,newproduct,6/13/22 15:44,2
5954,Bug,Rpissue 191,Resolved,1,Business,newproduct\Sprint -5 (Version 5.10),6/7/22 12:04,newproduct,6/8/22 10:57,2
5963,User Story,Rpissue 192,Resolved,1.5,Business,newproduct\Sprint -5 (Version 5.10),6/7/22 13:55,newproduct,6/7/22 16:07,2
5973,User Story,Rpissue 193,Resolved,2,Business,newproduct\Sprint -5 (Version 5.10),6/7/22 16:11,newproduct,6/7/22 16:14,2
5975,User Story,Rpissue 194,Resolved,10,Business,newproduct\Sprint -6 (Version 5.11),6/7/22 17:03,newproduct,6/30/22 12:43,2
5994,User Story,Rpissue 195,Resolved,4,Business,newproduct\Sprint -5 (Version 5.10),6/8/22 16:02,newproduct,6/9/22 17:36,2
6031,User Story,Rpissue 196,Resolved,2,Business,newproduct\Sprint -5 (Version 5.10),6/10/22 11:49,newproduct,6/10/22 11:50,2
6040,User Story,Rpissue 197,Resolved,,Business,newproduct,6/10/22 14:36,newproduct,7/7/22 11:08,2
6059,Bug,Rpissue 198,Resolved,1,Business,newproduct\Sprint -5 (Version 5.10),6/13/22 13:26,newproduct,6/13/22 13:27,2
6078,Bug,Rpissue 199,Resolved,1,Business,newproduct\Sprint -6 (Version 5.11),6/14/22 10:08,newproduct,6/15/22 10:51,2
6080,Bug,Rpissue 200,Resolved,1,Business,newproduct\Sprint -6 (Version 5.11),6/14/22 11:37,newproduct,6/14/22 14:48,2
6093,User Story,Rpissue 201,New,,Business,newproduct,6/14/22 14:43,newproduct,,2
6119,User Story,Rpissue 202,Resolved,3,Business,newproduct\Sprint - 7 (Version 5.12),6/15/22 13:06,newproduct,7/12/22 9:32,1
6180,User Story,Rpissue 203,Resolved,2,Business,newproduct\Sprint - 7 (Version 5.12),6/22/22 11:16,newproduct,7/8/22 8:27,2
6189,User Story,Rpissue 204,Resolved,3,Business,newproduct\Sprint -6 (Version 5.11),6/22/22 14:01,newproduct,6/22/22 14:01,2
6194,User Story,Rpissue 205,New,,Business,newproduct,6/22/22 16:41,newproduct,,2
6242,User Story,Rpissue 206,Resolved,2,Business,newproduct\Sprint - 7 (Version 5.12),6/27/22 15:57,newproduct,7/8/22 10:53,2
7405,User Story,Rpissue 207,Resolved,4,Business,newproduct\Sprint - 14 (Version 5.21),9/12/22 10:35,newproduct,10/21/22 12:08,2
6342,Bug,Rpissue 208,Resolved,2,Business,newproduct\Sprint - 7 (Version 5.12),7/5/22 20:35,newproduct,7/5/22 20:36,2
6398,Bug,Rpissue 209,Resolved,2,Business,newproduct\Sprint - 7 (Version 5.12),7/7/22 10:58,newproduct,7/7/22 11:06,2
6402,User Story,Rpissue 210,New,,Business,newproduct,7/7/22 11:13,newproduct,,2
6403,User Story,Rpissue 211,Resolved,2,Business,newproduct\Sprint - 8 (Version 5.13),7/7/22 11:14,newproduct,7/25/22 11:35,2
6499,User Story,Rpissue 212,New,,Business,newproduct,7/15/22 11:04,newproduct,,2
6500,User Story,Rpissue 213,New,,Business,newproduct,7/15/22 11:06,newproduct,,2
6501,User Story,Rpissue 214,New,,Business,newproduct,7/15/22 11:07,newproduct,,2
6502,User Story,Rpissue 215,New,,Business,newproduct,7/15/22 11:07,newproduct,,2
6503,User Story,Rpissue 216,New,,Business,newproduct,7/15/22 11:09,newproduct,,2
6504,User Story,Rpissue 217,New,,Business,newproduct,7/15/22 11:09,newproduct,,2
6505,User Story,Rpissue 218,New,,Business,newproduct,7/15/22 11:11,newproduct,,2
6506,User Story,Rpissue 219,New,,Business,newproduct,7/15/22 11:13,newproduct,,2
6507,User Story,Rpissue 220,New,,Business,newproduct,7/15/22 11:14,newproduct,,2
6508,User Story,Rpissue 221,New,,Business,newproduct,7/15/22 11:15,newproduct,,2
6509,User Story,Rpissue 222,New,,Business,newproduct,7/15/22 11:17,newproduct,,2
6510,User Story,Rpissue 223,Resolved,7,Business,newproduct\Sprint - 14 (Version 5.21),7/15/22 11:17,newproduct,10/12/22 17:24,2
6511,User Story,Rpissue 224,New,,Business,newproduct,7/15/22 11:18,newproduct,,2
6512,User Story,Rpissue 225,New,,Business,newproduct,7/15/22 11:19,newproduct,,2
6513,User Story,Rpissue 226,New,,Business,newproduct,7/15/22 11:20,newproduct,,2
6515,User Story,Rpissue 227,New,,Business,newproduct,7/15/22 11:23,newproduct,,2
6517,User Story,Rpissue 228,New,,Business,newproduct,7/15/22 11:28,newproduct,,2
6613,User Story,Rpissue 229,Resolved,5,Business,newproduct\Sprint - 8 (Version 5.13),7/20/22 10:51,newproduct,7/25/22 11:35,2
6645,User Story,Rpissue 230,Resolved,8,Business,newproduct\Sprint - 9 (Version 5.14),7/21/22 11:08,newproduct,8/2/22 11:08,2
6648,User Story,Rpissue 231,Resolved,6,Business,newproduct\Sprint - 9 (Version 5.14),7/21/22 11:15,newproduct,8/8/22 8:38,2
6649,User Story,Rpissue 232,Active,,Business,newproduct\Sprint - 9 (Version 5.14),7/21/22 11:16,newproduct,,2
6675,User Story,Rpissue 233,Resolved,1,Business,newproduct\Sprint - 9 (Version 5.14),7/25/22 10:23,newproduct,7/26/22 12:28,2
6676,User Story,Rpissue 234,Resolved,4,Business,newproduct\Sprint - 9 (Version 5.14),7/25/22 10:25,newproduct,8/2/22 11:08,2
6677,User Story,Rpissue 235,Resolved,1,Business,newproduct\Sprint - 9 (Version 5.14),7/25/22 10:44,newproduct,8/2/22 11:07,2
6717,User Story,Rpissue 236,Resolved,1,Business,newproduct\Sprint - 9 (Version 5.14),7/25/22 11:59,newproduct,8/2/22 11:07,2
6722,User Story,Rpissue 237,Resolved,1,Business,newproduct\Sprint - 9 (Version 5.14),7/25/22 12:12,newproduct,7/26/22 12:29,2
6723,User Story,Rpissue 238,Resolved,2,Business,newproduct\Sprint - 9 (Version 5.14),7/25/22 12:44,newproduct,8/4/22 11:13,2
6725,User Story,Rpissue 239,Resolved,1,Business,newproduct\Sprint - 9 (Version 5.14),7/25/22 12:49,newproduct,8/3/22 10:35,2
6741,User Story,Rpissue 240,Resolved,1,Business,newproduct\Sprint - 10 (Version 5.15),7/25/22 14:14,newproduct,8/23/22 11:13,2
6904,User Story,Rpissue 241,Resolved,5,Business,newproduct\Sprint - 11(Version 5.18),8/8/22 9:00,newproduct,8/22/22 12:44,2
6906,User Story,Rpissue 242,Resolved,2,Business,newproduct\Sprint - 10 (Version 5.15),8/8/22 9:07,newproduct,8/9/22 9:28,2
6908,User Story,Rpissue 243,Resolved,8,Business,newproduct\Sprint - 10 (Version 5.15),8/8/22 9:12,newproduct,8/9/22 9:28,2
6911,User Story,Rpissue 244,Resolved,2,Business,newproduct\Sprint - 9 (Version 5.14),8/8/22 10:33,newproduct,8/8/22 10:34,2
6978,Bug,Rpissue 245,Resolved,1,Business,newproduct\Sprint - 11(Version 5.18),8/15/22 7:57,newproduct,8/15/22 7:58,2
7053,Bug,Rpissue 246,Active,1,Business,newproduct\Sprint - 9 (Version 5.14),8/18/22 11:25,newproduct,,2
7096,User Story,Rpissue 247,Resolved,3,Business,newproduct\Sprint - 11(Version 5.18),8/23/22 11:17,newproduct,9/7/22 9:51,2
7113,User Story,Rpissue 248,Resolved,4,Business,newproduct\Sprint - 11(Version 5.18),8/24/22 7:48,newproduct,9/6/22 10:41,2
7114,User Story,Rpissue 249,Resolved,2,Business,newproduct\Sprint - 12 (Version 5.19),8/24/22 7:49,newproduct,9/19/22 10:33,2
7116,User Story,Rpissue 250,Resolved,5,Business,newproduct\Sprint - 12 (Version 5.19),8/24/22 7:53,newproduct,9/14/22 15:30,2
7117,User Story,Rpissue 251,Resolved,2,Business,newproduct\Sprint - 13 (Version 5.20),8/24/22 8:02,newproduct,10/3/22 10:31,2
7118,User Story,Rpissue 252,Resolved,4,Business,newproduct\Sprint - 13 (Version 5.20),8/24/22 8:03,newproduct,10/3/22 10:31,2
7119,User Story,Rpissue 253,Resolved,5,Business,newproduct\Sprint - 13 (Version 5.20),8/24/22 8:04,newproduct,9/26/22 10:16,2
7120,User Story,Rpissue 254,Resolved,4,Business,newproduct\Sprint - 14 (Version 5.21),8/24/22 8:04,newproduct,10/17/22 15:02,2
7282,User Story,Rpissue 255,Resolved,1,Business,newproduct\Sprint - 12 (Version 5.19),8/31/22 15:30,newproduct,9/7/22 16:08,1
7710,User Story,Rpissue 256,Resolved,1,Business,newproduct\Sprint - 13 (Version 5.20),9/27/22 9:12,newproduct,9/27/22 9:51,1
7283,User Story,Rpissue 257,Resolved,1,Business,newproduct\Sprint - 12 (Version 5.19),8/31/22 16:10,newproduct,9/7/22 16:08,1
7284,User Story,Rpissue 258,Resolved,1,Business,newproduct\Sprint - 12 (Version 5.19),8/31/22 16:21,newproduct,9/7/22 16:08,1
7287,User Story,Rpissue 259,Resolved,2,Business,newproduct\Sprint - 12 (Version 5.19),8/31/22 16:28,newproduct,9/12/22 11:22,2
7302,User Story,Rpissue 260,Resolved,2,Business,newproduct\Sprint - 12 (Version 5.19),9/1/22 11:11,newproduct,9/14/22 15:02,2
7357,User Story,Rpissue 261,Resolved,1,Business,newproduct\Sprint - 12 (Version 5.19),9/6/22 14:27,newproduct,9/7/22 16:08,2
7397,User Story,Rpissue 262,Resolved,3,Business,newproduct\Sprint - 13 (Version 5.20),9/9/22 11:43,newproduct,9/27/22 17:48,2
7477,User Story,Rpissue 263,Resolved,8,Business,newproduct\Sprint - 12 (Version 5.19),9/14/22 15:40,newproduct,9/21/22 7:20,2
7480,User Story,Rpissue 264,Resolved,1,Business,newproduct\Sprint - 12 (Version 5.19),9/14/22 15:53,newproduct,9/14/22 15:53,2
7506,User Story,Rpissue 265,Resolved,9,Business,newproduct\Sprint - 13 (Version 5.20),9/15/22 11:10,newproduct,9/29/22 19:27,2
7507,User Story,Rpissue 266,Resolved,5,Business,newproduct\Sprint - 13 (Version 5.20),9/15/22 11:12,newproduct,9/30/22 10:32,2
7518,User Story,Rpissue 267,Resolved,3,Business,newproduct\Sprint - 13 (Version 5.20),9/15/22 16:10,newproduct,9/27/22 10:38,2
7530,User Story,Rpissue 268,Resolved,1,Business,newproduct\Sprint - 13 (Version 5.20),9/16/22 13:38,newproduct,9/22/22 10:48,2
7646,User Story,Rpissue 269,Resolved,3,Business,newproduct\Sprint - 13 (Version 5.20),9/23/22 8:40,newproduct,9/29/22 12:25,2
7653,User Story,Rpissue 270,Resolved,4,Business,newproduct\Sprint - 18,9/23/22 13:06,newproduct,12/9/22 10:32,2
7655,User Story,Rpissue 271,Resolved,3,Business,newproduct\Sprint - 14 (Version 5.21),9/23/22 15:17,newproduct,10/11/22 14:52,2
7676,User Story,Rpissue 272,Resolved,4,Business,newproduct\Sprint - 14 (Version 5.21),9/26/22 11:56,newproduct,10/11/22 18:18,2
7684,User Story,Rpissue 273,Resolved,0.5,Business,newproduct\Sprint - 14 (Version 5.21),9/26/22 12:44,newproduct,10/5/22 10:41,2
8003,User Story,Rpissue 274,Resolved,0.5,Business,newproduct\Sprint - 14 (Version 5.21),10/13/22 10:24,newproduct,10/17/22 15:03,2
7688,User Story,Rpissue 275,Resolved,0.5,Business,newproduct\Sprint - 14 (Version 5.21),9/26/22 13:51,newproduct,10/4/22 11:41,2
7516,User Story,Rpissue 276,Resolved,1,Business,newproduct\Sprint - 13 (Version 5.20),9/15/22 14:23,newproduct,9/28/22 10:37,2
7752,User Story,Rpissue 277,Resolved,5,Business,newproduct\Sprint - 14 (Version 5.21),9/28/22 10:02,newproduct,10/14/22 9:53,2
7654,User Story,Rpissue 278,New,,Business,newproduct,9/23/22 13:16,newproduct,,2
7782,Bug,Rpissue 279,Resolved,2,Business,newproduct\Sprint - 14 (Version 5.21),9/28/22 16:25,newproduct,10/6/22 11:55,2
7797,User Story,Rpissue 280,Resolved,0.5,Business,newproduct\Sprint - 14 (Version 5.21),9/29/22 10:24,newproduct,10/12/22 14:08,2
7798,User Story,Rpissue 281,Resolved,0.5,Business,newproduct\Sprint - 14 (Version 5.21),9/29/22 10:26,newproduct,10/12/22 14:09,2
7811,User Story,Rpissue 282,Resolved,0.5,Business,newproduct\Sprint - 14 (Version 5.21),9/29/22 12:31,newproduct,10/12/22 14:07,2
7812,User Story,Rpissue 283,Resolved,0.5,Business,newproduct\Sprint - 14 (Version 5.21),9/29/22 12:36,newproduct,10/3/22 11:09,2
7824,User Story,Rpissue 284,Resolved,2,Business,newproduct\Sprint - 14 (Version 5.21),9/30/22 15:04,newproduct,10/12/22 17:22,2
7872,User Story,Rpissue 285,Resolved,0.5,Business,newproduct\Sprint - 14 (Version 5.21),10/4/22 15:34,newproduct,10/7/22 9:27,2
7846,User Story,Rpissue 286,New,,Business,newproduct,10/4/22 9:43,newproduct,,2
7854,User Story,Rpissue 287,Resolved,10,Business,newproduct\Sprint - 15 (Version 5.24),10/4/22 10:47,newproduct,10/31/22 10:19,2
7856,User Story,Rpissue 288,Resolved,6,Business,newproduct\Sprint - 17 (Version 5.28),10/4/22 11:39,newproduct,,1
7861,User Story,Rpissue 289,New,,Business,newproduct,10/4/22 11:55,newproduct,,2
7862,User Story,Rpissue 290,Resolved,2,Business,newproduct\Sprint - 15 (Version 5.24),10/4/22 11:57,newproduct,10/31/22 10:19,2
7864,User Story,Rpissue 291,Resolved,6,Business,newproduct\Sprint - 15 (Version 5.24),10/4/22 12:30,newproduct,10/24/22 10:29,2
7865,User Story,Rpissue 292,New,,Business,newproduct,10/4/22 12:35,newproduct,,2
7897,Bug,Rpissue 293,Resolved,,Business,newproduct\Sprint - 16 (Version 5.27),10/6/22 16:23,newproduct,11/15/22 9:48,2
7903,User Story,Rpissue 294,New,,Business,newproduct,10/7/22 11:34,newproduct,,2
7970,User Story,Rpissue 295,New,,Business,newproduct,10/12/22 12:41,newproduct,,2
7971,User Story,Rpissue 296,New,,Business,newproduct,10/12/22 13:06,newproduct,,2
7972,User Story,Rpissue 297,New,,Business,newproduct,10/12/22 13:10,newproduct,,2
7973,User Story,Rpissue 298,New,,Business,newproduct,10/12/22 13:12,newproduct,,2
7974,User Story,Rpissue 299,Resolved,3,Business,newproduct\Sprint - 17 (Version 5.28),10/12/22 13:13,newproduct,11/28/22 9:27,2
7975,User Story,Rpissue 300,New,,Business,newproduct,10/12/22 13:18,newproduct,,2
7979,User Story,Rpissue 301,New,,Business,newproduct,10/12/22 13:34,newproduct,,2
7980,User Story,Rpissue 302,New,,Business,newproduct,10/12/22 13:35,newproduct,,2
7984,User Story,Rpissue 303,Resolved,3,Business,newproduct\Sprint - 15 (Version 5.24),10/12/22 14:13,newproduct,10/31/22 10:04,2
7986,User Story,Rpissue 304,Resolved,5,Business,newproduct\Sprint - 15 (Version 5.24),10/12/22 14:47,newproduct,10/21/22 10:11,2
8115,User Story,Rpissue 305,New,,Business,newproduct,10/18/22 11:29,newproduct,,2
7987,User Story,Rpissue 306,Resolved,5,Business,newproduct\Sprint - 15 (Version 5.24),10/12/22 15:02,newproduct,10/31/22 6:43,2
7992,User Story,Rpissue 307,New,,Business,newproduct,10/12/22 16:44,newproduct,,2
8031,User Story,Rpissue 308,New,,Business,newproduct,10/13/22 13:55,newproduct,,2
8055,Bug,Rpissue 309,Resolved,1,Business,newproduct\Sprint - 15 (Version 5.24),10/14/22 9:50,newproduct,10/27/22 15:01,2
8072,User Story,Rpissue 310,Resolved,2,Business,newproduct\Sprint - 16 (Version 5.27),10/14/22 16:00,newproduct,11/3/22 15:22,2
8105,User Story,Rpissue 311,Resolved,3,Business,newproduct\Sprint - 20,10/18/22 9:31,newproduct,1/9/23 10:35,2
8150,Bug,Rpissue 312,Resolved,0.5,Business,newproduct\Sprint - 15 (Version 5.24),10/20/22 10:56,newproduct,10/27/22 10:17,2
8173,Bug,Rpissue 313,Resolved,,Business,newproduct\Sprint - 15 (Version 5.24),10/21/22 10:03,newproduct,11/1/22 10:33,2
8177,Bug,Rpissue 314,Resolved,1,Business,newproduct\Sprint - 15 (Version 5.24),10/21/22 11:03,newproduct,10/21/22 11:43,2
8187,Bug,Rpissue 315,Resolved,3,Business,newproduct\Sprint - 15 (Version 5.24),10/21/22 14:39,newproduct,10/25/22 13:24,2
8188,Bug,Rpissue 316,Resolved,,Business,newproduct\Sprint - 16 (Version 5.27),10/21/22 15:07,newproduct,11/15/22 9:47,2
8192,Bug,Rpissue 317,Active,3,Business,newproduct\Sprint - 15 (Version 5.24),10/24/22 9:06,newproduct,,2
8198,User Story,Rpissue 318,Resolved,1,Business,newproduct\Sprint - 15 (Version 5.24),10/24/22 10:28,newproduct,10/24/22 11:25,2
8200,User Story,Rpissue 319,Resolved,1,Business,newproduct\Sprint - 15 (Version 5.24),10/24/22 11:13,newproduct,10/24/22 11:15,2
8203,Bug,Rpissue 320,Resolved,3,Business,newproduct\Sprint - 15 (Version 5.24),10/24/22 12:33,newproduct,10/28/22 7:13,2
8219,Bug,Rpissue 321,Resolved,,Business,newproduct\Sprint - 15 (Version 5.24),10/25/22 11:40,newproduct,10/27/22 10:13,2
8224,Bug,Rpissue 322,Resolved,,Business,newproduct\Sprint - 15 (Version 5.24),10/25/22 13:15,newproduct,10/27/22 10:13,2
8225,Bug,Rpissue 323,Resolved,3,Business,newproduct\Sprint - 15 (Version 5.24),10/25/22 13:23,newproduct,10/31/22 6:41,2
8235,Bug,Rpissue 324,Resolved,2,Business,newproduct\Sprint - 15 (Version 5.24),10/25/22 16:23,newproduct,10/28/22 6:37,2
8253,User Story,Rpissue 325,New,3,Business,newproduct\Sprint - 15 (Version 5.24),10/26/22 10:45,newproduct,,2
8258,Bug,Rpissue 326,Resolved,,Business,newproduct\Sprint - 16 (Version 5.27),10/26/22 11:46,newproduct,11/15/22 9:47,2
8296,Bug,Rpissue 327,Resolved,2,Business,newproduct\Sprint - 15 (Version 5.24),10/27/22 15:09,newproduct,10/28/22 6:35,2
8305,Bug,Rpissue 328,Resolved,,Business,newproduct\Sprint - 16 (Version 5.27),10/28/22 8:12,newproduct,11/15/22 9:46,2
8309,Bug,Rpissue 329,Resolved,,Business,newproduct\Sprint - 16 (Version 5.27),10/28/22 9:53,newproduct,11/15/22 9:46,2
8310,Bug,Rpissue 330,Resolved,3,Business,newproduct\Sprint - 15 (Version 5.24),10/28/22 9:59,newproduct,5/22/23 12:38,2
8317,Bug,Rpissue 331,Resolved,1,Business,newproduct\Sprint - 16 (Version 5.27),10/31/22 9:00,newproduct,10/31/22 10:38,2
8339,Bug,Rpissue 332,Resolved,1,Business,newproduct\Sprint - 16 (Version 5.27),10/31/22 12:13,newproduct,10/31/22 13:58,2
8340,Bug,Rpissue 333,Resolved,1,Business,newproduct\Sprint - 16 (Version 5.27),10/31/22 12:43,newproduct,10/31/22 14:43,2
8341,Bug,Rpissue 334,Resolved,2,Business,newproduct\Sprint - 16 (Version 5.27),10/31/22 13:07,newproduct,10/31/22 14:39,2
8342,Bug,Rpissue 335,Resolved,1,Business,newproduct\Sprint - 16 (Version 5.27),10/31/22 14:16,newproduct,11/2/22 7:11,2
8373,Bug,Rpissue 336,Resolved,1,Business,newproduct\Sprint - 16 (Version 5.27),11/2/22 7:21,newproduct,11/2/22 7:22,2
8388,Bug,Rpissue 337,Resolved,2,Business,newproduct\Sprint - 19,11/2/22 13:12,newproduct,12/27/22 10:38,2
8409,Bug,Rpissue 338,New,,Business,newproduct\Sprint - 15 (Version 5.24),11/3/22 11:28,newproduct,,2
8410,Bug,Rpissue 339,New,,Business,newproduct\Sprint - 15 (Version 5.24),11/3/22 11:42,newproduct,,2
8417,Bug,Rpissue 340,Resolved,1,Business,newproduct\Sprint - 16 (Version 5.27),11/3/22 14:43,newproduct,11/7/22 9:41,2
8654,Bug,Rpissue 341,Resolved,,Business,newproduct\Sprint - 17 (Version 5.28),11/15/22 9:51,newproduct,11/21/22 10:19,2
8662,User Story,Rpissue 342,New,,Business,newproduct,11/15/22 12:05,newproduct,,2
8946,Bug,Rpissue 343,Resolved,,Business,newproduct\Sprint - 18,12/2/22 11:37,newproduct,12/12/22 10:32,2
9016,Bug,Rpissue 344,Resolved,2,Business,newproduct\Sprint - 18,12/7/22 13:21,newproduct,12/7/22 13:38,2
9027,User Story,Rpissue 345,Resolved,2,Business,newproduct\Sprint - 18,12/8/22 10:10,newproduct,12/12/22 14:06,2
9082,User Story,Rpissue 346,Resolved,2,Business,newproduct\Sprint - 19,12/13/22 12:11,newproduct,1/6/23 14:26,2
9237,User Story,Rpissue 347,Hold,4,Business,newproduct\Sprint - 21,12/27/22 8:39,newproduct,,2
9377,User Story,Rpissue 348,Resolved,7,Business,newproduct\Sprint - 22,1/6/23 14:20,newproduct,2/6/23 10:22,2
9403,User Story,Rpissue 349,Resolved,3,Business,newproduct\Sprint - 20,1/9/23 10:41,newproduct,1/9/23 10:42,2
9418,User Story,Rpissue 350,Resolved,2,Business,newproduct\Sprint - 20,1/9/23 14:02,newproduct,1/9/23 14:03,2
9419,User Story,Rpissue 351,Resolved,2,Business,newproduct\Sprint - 20,1/9/23 14:06,newproduct,1/9/23 14:06,2
9441,User Story,Rpissue 352,Resolved,,Business,newproduct\Sprint - 20,1/10/23 10:20,newproduct,1/10/23 10:21,2
9489,User Story,Rpissue 353,Resolved,4,Business,newproduct\Sprint - 21,1/12/23 7:29,newproduct,1/23/23 9:01,2
9580,User Story,Rpissue 354,Resolved,2,Business,newproduct\Sprint - 21,1/19/23 10:15,newproduct,1/23/23 9:01,2
9581,User Story,Rpissue 355,Resolved,2,Business,newproduct\Sprint - 21,1/19/23 10:20,newproduct,1/19/23 17:34,2
9600,User Story,Rpissue 356,Resolved,0.5,Business,newproduct\Sprint - 22,1/20/23 12:04,newproduct,2/6/23 10:42,2
9601,User Story,Rpissue 357,Resolved,4,Business,newproduct\Sprint - 22,1/20/23 12:08,newproduct,1/26/23 9:50,2
9649,User Story,Rpissue 358,Resolved,3,Business,newproduct\Sprint - 22,1/24/23 14:06,newproduct,2/6/23 9:52,2
9653,User Story,Rpissue 359,Resolved,2,Business,newproduct\Sprint - 22,1/24/23 14:59,newproduct,1/30/23 16:29,2
9706,User Story,Rpissue 360,New,,Business,newproduct,1/30/23 8:53,newproduct,,2
9825,User Story,Rpissue 361,Resolved,4,Business,newproduct\Sprint - 22,2/3/23 12:26,newproduct,2/3/23 12:30,2
10160,User Story,Rpissue 362,Resolved,0.5,Business,newproduct\Sprint - 23,2/21/23 12:34,newproduct,2/21/23 13:46,2
9974,Bug,Rpissue 363,Resolved,1,Business,newproduct\Sprint - 24,2/10/23 15:59,newproduct,3/3/23 12:58,2
10176,Bug,Rpissue 364,Resolved,0.5,Business,newproduct\Sprint - 24,2/22/23 9:58,newproduct,3/3/23 12:03,2
10205,User Story,Rpissue 365,Resolved,1,Business,newproduct\Sprint - 24,2/24/23 7:57,newproduct,2/24/23 9:27,2
10270,User Story,Rpissue 366,Resolved,3,Business,newproduct\Sprint - 25,2/27/23 17:00,newproduct,3/27/23 12:07,2
10841,User Story,Rpissue 367,Resolved,3,Business,newproduct\Sprint - 25,3/28/23 9:26,newproduct,3/28/23 9:27,2
10304,User Story,Rpissue 368,Resolved,2,Business,newproduct\Sprint - 24,3/1/23 10:51,newproduct,3/6/23 9:06,2
10366,Bug,Rpissue 369,Resolved,2,Business,newproduct\Sprint - 25,3/3/23 14:42,newproduct,3/10/23 10:42,2
10370,User Story,Rpissue 370,Resolved,3,Business,newproduct\Sprint - 25,3/6/23 9:06,newproduct,3/20/23 10:46,2
10695,User Story,Rpissue 371,Resolved,2,Business,newproduct\Sprint - 26,3/21/23 7:37,newproduct,4/3/23 13:27,2
11314,User Story,Rpissue 372,Resolved,1,Business,newproduct\Sprint -27,4/14/23 15:33,newproduct,4/18/23 7:54,2
11676,User Story,Rpissue 373,Resolved,2,Business,newproduct\Sprint - 29,5/3/23 9:49,newproduct,5/15/23 10:18,2
12064,User Story,Rpissue 374,Active,2,Business,newproduct\Sprint - 30,5/17/23 15:18,newproduct,,2
10416,Bug,Rpissue 375,New,2,Business,newproduct\Sprint - 30,3/8/23 12:27,newproduct,,2
10438,User Story,Rpissue 376,Resolved,1,Business,newproduct\Sprint - 25,3/9/23 7:46,newproduct,3/20/23 10:53,2
10450,Bug,Rpissue 377,New,1.5,Business,newproduct\Sprint - 30,3/9/23 11:06,newproduct,,3
10452,Bug,Rpissue 378,Resolved,2,Business,newproduct\Sprint - 28,3/9/23 12:25,newproduct,5/9/23 10:28,2
10466,Bug,Rpissue 379,Resolved,0.5,Business,newproduct\Sprint - 25,3/9/23 14:14,newproduct,3/15/23 10:38,2
10493,Bug,Rpissue 380,Resolved,1,Business,newproduct\Sprint - 26,3/10/23 8:36,newproduct,3/30/23 10:22,2
10494,Bug,Rpissue 381,Resolved,2,Business,newproduct\Sprint -27,3/10/23 8:45,newproduct,4/17/23 10:49,2
10506,User Story,Rpissue 382,Resolved,4,Business,newproduct\Sprint - 25,3/13/23 8:44,newproduct\ATP Request,3/13/23 8:51,2
10617,Bug,Rpissue 383,New,2,Business,newproduct\Sprint - 30,3/17/23 10:22,newproduct,,2
10780,Bug,Rpissue 384,Resolved,2,Business,newproduct\Sprint - 26,3/24/23 9:10,newproduct,3/24/23 9:14,2
10807,User Story,Rpissue 385,Resolved,1,Business,newproduct\Sprint - 26,3/27/23 10:34,newproduct\ATP Request,3/27/23 10:39,2
10808,Bug,Rpissue 386,Resolved,1,Business,newproduct\Sprint - 26,3/27/23 10:35,newproduct,3/27/23 10:37,2
11002,Bug,Rpissue 387,Resolved,1,Business,newproduct\Sprint -27,4/3/23 13:30,newproduct,4/3/23 13:33,2
11024,Bug,Rpissue 388,New,,Business,newproduct,4/4/23 13:38,newproduct,,2
11098,Bug,Rpissue 389,Resolved,0.5,Business,newproduct\Sprint - 28,4/6/23 10:45,newproduct,4/17/23 17:17,2
11120,Bug,Rpissue 390,Resolved,0.5,Business,newproduct\Sprint - 28,4/6/23 15:27,newproduct,4/6/23 15:28,2
5594,Bug,Rpissue 391,Resolved,1,Business,newproduct\Sprint -4 (Version 5.9),5/18/22 15:38,newproduct,5/25/22 10:54,2
11130,Bug,Rpissue 392,New,1,Business,newproduct\Sprint - 30,4/7/23 10:17,newproduct,,2
11131,Bug,Rpissue 393,Resolved,1,Business,newproduct\Sprint - 28,4/7/23 10:41,newproduct,5/9/23 10:28,2
11448,User Story,Rpissue 394,Resolved,3,Business,newproduct\Sprint - 28,4/24/23 16:53,newproduct,4/26/23 14:33,2
11500,Bug,Rpissue 395,Resolved,1,Business,newproduct\Sprint - 28,4/25/23 15:02,newproduct,4/25/23 15:05,2
11638,User Story,Rpissue 396,Resolved,10,Business,newproduct\Sprint - 29,5/1/23 10:54,newproduct,5/17/23 10:06,2
11639,User Story,Rpissue 397,Resolved,10,Business,newproduct\Sprint - 29,5/1/23 10:55,newproduct,5/22/23 10:43,2
11780,User Story,Rpissue 398,Active,2,Business,newproduct\Sprint - 29,5/8/23 13:51,newproduct,,2
11786,Bug,Rpissue 399,New,4,Business,newproduct\Sprint - 30,5/8/23 14:05,newproduct,,2
11787,Bug,Rpissue 400,Resolved,2,Business,newproduct\Sprint - 29,5/8/23 14:05,newproduct,5/15/23 9:05,2
11833,Bug,Rpissue 401,Resolved,1,Business,newproduct\Sprint - 29,5/9/23 10:12,newproduct,5/12/23 11:12,2
11834,Bug,Rpissue 402,Resolved,3,Business,newproduct\Sprint - 30,5/9/23 10:15,newproduct,5/19/23 11:43,1
11835,Bug,Rpissue 403,Resolved,1,Business,newproduct\Sprint - 29,5/9/23 10:47,newproduct,5/17/23 10:12,2
11836,Bug,Rpissue 404,Resolved,2,Business,newproduct\Sprint - 29,5/9/23 11:21,newproduct,5/12/23 11:46,2
11837,Bug,Rpissue 405,Resolved,1,Business,newproduct\Sprint - 30,5/9/23 11:25,newproduct,5/19/23 11:43,1
11838,Bug,Rpissue 406,Resolved,2,Business,newproduct\Sprint - 29,5/9/23 11:28,newproduct,5/12/23 11:15,1
11887,Bug,Rpissue 407,Active,3,Business,newproduct\Sprint - 30,5/10/23 12:38,newproduct,,1
12049,User Story,Rpissue 408,New,2,Business,newproduct\Sprint - 30,5/17/23 10:11,newproduct,,2
12061,User Story,Rpissue 409,Active,5,Business,newproduct\Sprint - 30,5/17/23 14:12,newproduct,,2
12139,Bug,Rpissue 410,New,1,Business,newproduct\Sprint - 30,5/22/23 12:48,newproduct,,2
12151,User Story,Rpissue 411,New,3,Business,newproduct\Sprint - 30,5/22/23 16:03,newproduct,,2